asin,asin_description,amazon_url,division,taxonomy,product,start_date,onhand_units,start_date_pred,forecast_mean,forecast_p70,forecast_p80,forecast_p90,po_request_date,po_quantity,lead_time_days
ASIN_248378,MLB A S BRG GLD PS INF BTG PR,https://www.amazon.com/dp/B07XL2J826,Baseball,Gloves,Batting Glove,2026-08-31,20,2027-03-29,1,1,2,3,,,
ASIN_56F8C7,Y M BLK/RYL SHOKTAK REC GLVS,https://www.amazon.com/dp/B07X43SQMS,Baseball,Gloves,Sport Glove,2026-08-31,226,2026-12-07,18,21,27,41,,,
ASIN_28A212,SFIA Y L WHT/WHT HI-TK REC GLV,https://www.amazon.com/dp/B07DNXX1GH,Baseball,Gloves,Sport Glove,2026-08-31,52,2027-03-29,6,7,11,14,2026-09-04,8,12.90490250830751
ASIN_9C615D,MLB Y XXS WHT/NVY 2ND SKNZ BTG,https://www.amazon.com/dp/B07XNWW9C2,Baseball,Gloves,Batting Glove,2026-08-31,199,2027-07-05,11,15,20,20,2026-09-05,4,15.703628362877156
ASIN_C72239,MLB A L WHT/CHRM SHKSORB X BTG,https://www.amazon.com/dp/B07XNWG5RK,Baseball,Gloves,Batting Glove,2026-08-31,235,2027-02-01,52,57,83,90,2026-09-09,36,15.949865197622866
ASIN_5C6C50,MLB A XL PRL/WHT NEO II BTG PR,https://www.amazon.com/dp/B006DOJ1QG,Baseball,Gloves,Batting Glove,2026-08-31,1,2027-06-14,1,1,1,2,2026-09-09,3,13.786846381960176
ASIN_EDCDA7,MLB Y CFX PRT SLIDER YLW/RED,,Baseball,Protective Gear,Slider,2026-08-31,35,2027-04-12,1,1,2,4,,,
ASIN_05A856,MLB Y M NVY GLD PS INF BTG PR,,Baseball,Gloves,Batting Glove,2026-08-31,21,2027-03-08,2,2,3,5,2026-09-09,4,12.93091038804029
ASIN_A22A4C,MLB Y M OPK APL PS INF BTG PR,,Baseball,Gloves,Batting Glove,2026-08-31,18,2027-05-03,4,5,8,11,2026-09-10,6,16.158189810064812
ASIN_140F22,MLB HEAVTY DUTY BATTING TEE,https://www.amazon.com/dp/B01AXYC06E,Baseball,Training Aids,Batting Tee,2026-08-31,1782,2026-11-09,186,234,333,459,2026-09-05,11,12.495358525693906
ASIN_40CB34,MLB Y BASEBALL BELT ORANGE,,Baseball,Apparel,Belt,2026-08-31,125,2027-06-28,68,81,110,159,,,
ASIN_28B361,MLB A L RED GLD PS INF BTG PR,https://www.amazon.com/dp/B07XPVGM4G,Baseball,Gloves,Batting Glove,2026-08-31,29,2026-10-19,2,3,4,4,2026-09-12,4,14.144374805979526
ASIN_80AC14,A S/M VNLA/GLD ARM SLEEVE PR,,Baseball,Apparel,Sleeve,2026-08-31,42,2026-09-28,3,4,4,7,2026-09-04,6,16.26239901796799
ASIN_4A2403,SFIA A L WHT/CHRM SUPRTK REC,https://www.amazon.com/dp/B07X2ZD81X,Baseball,Gloves,Sport Glove,2026-08-31,257,2027-06-14,10,11,14,19,2026-09-09,22,14.007859084809212
ASIN_E0D5B6,MLB T XS BLK/WHT TBALL FLX BTG,https://www.amazon.com/dp/B07GJD8G56,Baseball,Gloves,Batting Glove,2026-08-31,255,2026-09-28,26,21,32,40,2026-09-09,46,13.47171614743512
ASIN_26E105,SFIA A XL WHT/CHRM SUPRTK REC,https://www.amazon.com/dp/B07X64CNGL,Baseball,Gloves,Sport Glove,2026-08-31,41,2026-11-30,2,3,4,5,,,
ASIN_907969,MLB A XL PNK CBL PS INF BTG PR,,Baseball,Gloves,Batting Glove,,,2027-06-07,1,1,1,2,2026-09-10,13,17.12231851235656
ASIN_3D0387,MLB A S PRL/WHT PRO CLSC BTG,https://www.amazon.com/dp/B013LPTS6M,Baseball,Gloves,Batting Glove,2026-08-31,19,2026-12-21,1,1,1,2,2026-09-09,4,14.205447593405594
ASIN_CE90E0,MLB Y BASEBALL BELT FOREST GRN,,Baseball,Apparel,Belt,2026-08-31,376,2027-01-18,17,19,28,34,2026-09-09,27,15.252476126964213
ASIN_BFCBAA,"13.0"" CML/BRN CTZ5000 BBG REG",,Baseball,Fielding Gloves,Baseball Glove,2026-08-31,26,2027-06-21,2,3,3,5,,,
ASIN_E0D5B6,MLB T XS BLK/WHT TBALL FLX BTG,https://www.amazon.com/dp/B07GJD8G56,Baseball,Gloves,Batting Glove,2026-08-31,324,2026-10-26,12,18,21,25,2026-09-09,43,15.035983604136721
ASIN_DB0842,USA BB VENOM 1000 25/15 GRN,https://www.amazon.com/dp/B075SLSLV7,Baseball,Bats,Bat,2026-08-31,999,2027-01-04,12,14,17,28,,,
ASIN_0233DA,MLB A M PRL/WHT NAT II BTG PR,https://www.amazon.com/dp/B00G2GFIUI,Baseball,Gloves,Batting Glove,,,2026-09-14,4,4,4,6,,,
ASIN_F7E55D,MLB Y CFX PRT SLIDER RED HILTE,,Baseball,Protective Gear,Slider,2026-08-31,24,2027-05-31,5,9,9,12,2026-09-09,7,15.935616089436937
ASIN_981230,"10.0"" FLDMSTR CML/BRN BBG FR",https://www.amazon.com/dp/B0BHF9TMXL,Baseball,Fielding Gloves,Baseball Glove,2026-08-31,47,2026-08-31,4,5,6,7,,,
ASIN_487C84,A XL PRL/BLK TRAD GOLF GLV RH,https://www.amazon.com/dp/B07BNQT3J8,Baseball,Gloves,Sport Glove,2026-08-31,5,2026-10-19,0,0,1,1,,,
ASIN_0CD76A,"11.5"" CML/BRN CTZ5000 BBG REG",https://www.amazon.com/dp/B09PSKDHMD,Baseball,Fielding Gloves,Baseball Glove,2026-08-31,28,2026-12-14,1,3,3,6,,,
ASIN_5DA8E4,GATOR GRIP - CLOTH TAPE,https://www.amazon.com/dp/B00266O46C,Baseball,General Accessories,Tape,2026-08-31,812,2026-10-12,109,170,187,228,2026-09-12,229,15.855238134209053
ASIN_338AF0,Y L RLXD BLACK BSBL PANT BULK,,Baseball,Apparel,Pant,2026-08-31,13,2027-07-05,52,71,94,111,,,
ASIN_09CF0B,Y PRT LEG GUARD BLK/GLD,,Baseball,Protective Gear,Leg Protective,2026-08-31,27,2027-04-26,6,9,10,16,2026-09-03,4,14.505822153433394
ASIN_9E8BA1,MLB 68X48 FYBK LG RTN,https://www.amazon.com/dp/B00GD739KW,Baseball,Training Aids,Pitchback,2026-08-31,1193,2027-01-18,289,320,457,512,2026-11-09,588,33.84894758789413
ASIN_07FAEA,MLB A M COLD MAX BTG,https://www.amazon.com/dp/B07CJM5CV4,Baseball,Gloves,Batting Glove,2026-08-31,32,2027-03-08,2,1,2,4,,,
ASIN_3B3E0D,MLB GATOR GRIP - GRIP TRNR RED,https://www.amazon.com/dp/B07HYYCQLJ,Baseball,General Accessories,Bat Trainer,2026-08-31,55,2027-06-07,16,19,24,30,2026-09-10,15,12.013996297750321
ASIN_2E1D37,MLB T M WHT/PNK TBALL FLEX BTG,https://www.amazon.com/dp/B07GJQ9WBD,Baseball,Gloves,Batting Glove,2026-08-31,203,2026-09-14,31,33,38,46,2026-09-12,6,15.276299554968897
ASIN_1293EE,MLB A L WHT/BLK SHOKSORB BTG,https://www.amazon.com/dp/B00NCWCA7E,Baseball,Gloves,Batting Glove,2026-08-31,130,2027-06-28,38,43,51,80,,,
ASIN_0DE0BB,MLB Y S BLK/GOLD SHKSORB X BTG,https://www.amazon.com/dp/B07XNSWZ3B,Baseball,Gloves,Batting Glove,2026-08-31,89,2027-03-08,16,19,20,31,2026-09-12,4,13.690507511045032
ASIN_33BA49,MLB A S PRL/WHT NAT II BTG PR,https://www.amazon.com/dp/B00G2GFISK,Baseball,Gloves,Batting Glove,,,2027-05-10,0,0,0,0,,,
ASIN_DFDCAD,MLB A L NVY/NVY NAT HI-LTE BTG,,Baseball,Gloves,Batting Glove,2026-08-31,34,2027-02-15,1,3,3,5,,,
ASIN_209CCE,MLB A S BLK/BLK NEO II BTG PR,https://www.amazon.com/dp/B00G3EI8OM,Baseball,Gloves,Batting Glove,2026-08-31,26,2027-04-12,3,4,4,6,,,
ASIN_560525,MLB A S BLK/GOLD SHKSORB X BTG,https://www.amazon.com/dp/B07XMLFPW5,Baseball,Gloves,Batting Glove,2026-08-31,122,2026-11-23,8,10,13,16,2026-09-03,4,14.063960724329755
ASIN_907969,MLB A XL PNK CBL PS INF BTG PR,,Baseball,Gloves,Batting Glove,,,2026-11-02,1,1,1,2,2026-09-11,9,16.768921956965933
ASIN_27FEF3,MLB T S BLK/WHT G2P BTG,,Baseball,Gloves,Batting Glove,2026-08-31,119,2026-12-14,13,18,17,26,2026-09-04,4,16.815750491820243
ASIN_678116,MLB A M BLK/BLK CFX PRO BTG,https://www.amazon.com/dp/B00N4M4IUE,Baseball,Gloves,Batting Glove,2026-08-31,0,2027-06-07,11,14,17,26,2026-09-09,61,16.08652383408003
ASIN_2C86A5,MLB A XL VNILA CFX PRO GOLD BT,,Baseball,Gloves,Batting Glove,2026-08-31,104,2027-04-26,16,23,29,37,2026-09-03,6,14.300306473797013
ASIN_FECE4E,MLB A L CFX TEAL/CORL HI-LITE,,Baseball,Gloves,Batting Glove,,,2026-10-19,4,5,7,11,2026-09-09,5,15.823580827136261
ASIN_DC9118,MLB A XL RYL/RYL NEO II BTG PR,https://www.amazon.com/dp/B00G3EI8NS,Baseball,Gloves,Batting Glove,,,2027-05-31,1,1,2,3,,,
ASIN_516096,MLB A XL PRL/NVY CFX PRO BTG,https://www.amazon.com/dp/B01IUV8FG6,Baseball,Gloves,Batting Glove,2026-08-31,22,2027-01-18,1,2,3,3,2026-09-05,5,13.93225044357072
ASIN_0CF5B0,MLB A L PRL/WHT CFX PRO BTG,https://www.amazon.com/dp/B013LPT1OQ,Baseball,Gloves,Batting Glove,2026-08-31,164,2027-01-25,18,21,22,28,2026-09-09,4,11.789424354843165
ASIN_A25247,A XXL PRL/BLK PRO GOLF GLV LH,https://www.amazon.com/dp/B07X64PXYW,Baseball,Gloves,Sport Glove,2026-08-31,2,2026-10-19,1,1,2,2,,,
ASIN_51780F,MLB A L BLK/RYL DIGITEK BTG PR,https://www.amazon.com/dp/B013LPUZB4,Baseball,Gloves,Batting Glove,,,2027-07-19,5,7,9,14,2026-09-09,8,13.680753770967836
ASIN_9B7C99,Y S RLXD GRY BSBL PANT BULK,,Baseball,Apparel,Pant,2026-08-31,491,2026-12-07,39,42,57,91,,,
ASIN_A39189,MLB A M CFX PRT RED HILTE BTG,,Baseball,Gloves,Batting Glove,2026-08-31,9,2026-11-09,1,1,1,2,,,
ASIN_620A74,"9.5"" GRAPHITE/PNK PVC BBG REG",https://www.amazon.com/dp/B013LPROJ0,Baseball,Fielding Gloves,Baseball Glove,2026-08-31,47,2027-06-21,4,5,8,11,,,
ASIN_427927,A XXL PRL/BLK PRO GOLF GLV RH,https://www.amazon.com/dp/B07X43SQMP,Baseball,Gloves,Sport Glove,2026-08-31,11,2027-01-25,1,1,2,3,2026-09-03,4,14.948170285890628
ASIN_B0C1A7,"9.5"" BLK/WHT DIGI PVC BBG REG",https://www.amazon.com/dp/B013LPRT8Q,Baseball,Fielding Gloves,Baseball Glove,2026-08-31,72,2027-03-08,71,91,102,148,2026-09-09,221,14.485949795170756
ASIN_E9CBFB,Y S ROYAL ACRYLIC BSBL SOCK PR,https://www.amazon.com/dp/B00CI4OBBA,Baseball,Apparel,Socks,2026-08-31,928,2027-04-12,167,219,311,327,2026-09-11,34,13.053184420116734
ASIN_1483BD,MLB A L RED CHROME PWRSTP BTG,https://www.amazon.com/dp/B07GJGQ443,Baseball,Gloves,Batting Glove,2026-08-31,58,2026-09-14,4,5,7,8,2026-09-09,4,14.003232325472846
ASIN_74056D,"12.0"" PVC FLDMSTR BLK BBG REG",https://www.amazon.com/dp/B075RXLH44,Baseball,Fielding Gloves,Baseball Glove,2026-08-31,1549,2027-06-21,178,244,328,472,2026-12-10,208,31.8614478228387
ASIN_1E7A83,"12.0"" PVC FLDMSTR GOLD BBG FR",https://www.amazon.com/dp/B07XNVCY79,Baseball,Fielding Gloves,Baseball Glove,2026-08-31,343,2027-06-14,25,41,43,60,,,
ASIN_C98B49,Y OSFM VNLA/GLD ARM SLEEVE PR,,Baseball,Apparel,Sleeve,2026-08-31,39,2027-04-19,5,6,8,13,2026-09-05,6,14.533813383234952
ASIN_26E57E,MLB Y L CFX PINK HI-LT BTG,,Baseball,Gloves,Batting Glove,2026-08-31,71,2026-09-28,7,10,12,15,2026-09-12,4,16.429300510543364
ASIN_A8C25C,MLB A XL WHT PRO CLSC GOLD BTG,https://www.amazon.com/dp/B0BL8K6B1J,Baseball,Gloves,Batting Glove,2026-08-31,24,2027-04-05,3,3,4,6,2026-09-09,4,14.022227434024147
ASIN_DC0053,MLB Y S WHT/BLK DIGITEK BTG PR,https://www.amazon.com/dp/B013LQBUOY,Baseball,Gloves,Batting Glove,2026-08-31,6,2027-02-08,28,35,42,50,2026-09-11,6,12.915585928700668
ASIN_2ABEF0,MLB A M RYL GLD PS INF BTG PR,https://www.amazon.com/dp/B07XJX4Q9R,Baseball,Gloves,Batting Glove,2026-08-31,18,2027-03-08,1,1,2,3,2026-09-09,4,13.283040728650647
ASIN_4E67A7,A PRT HAND GUARD LG OPTIC PNK,,Baseball,Protective Gear,Hand Protective,,,2026-10-05,3,4,6,8,2026-09-09,4,14.758684527240387
ASIN_07FCD3,MLB Y XXS WHT/FGRN 2ND SKNZ BT,https://www.amazon.com/dp/B07XTGD5GF,Baseball,Gloves,Batting Glove,2026-08-31,29,2027-03-22,8,9,13,18,2026-09-09,19,14.904592825511477
ASIN_1A12D3,MLB Y M CFX FULL RED BTG,https://www.amazon.com/dp/B0725PXT23,Baseball,Gloves,Batting Glove,2026-08-31,59,2026-09-21,9,11,11,14,2026-09-09,9,13.955316263813387
ASIN_259B7C,MLB A S CFX BURG HI-LT BTG,,Baseball,Gloves,Batting Glove,2026-08-31,56,2026-12-14,4,5,6,11,,,
ASIN_E369D4,MLB A XL CFX F.GRN HI-LT BTG,,Baseball,Gloves,Batting Glove,2026-08-31,43,2027-03-01,4,5,7,9,,,
ASIN_652486,"9.0"" WHT/PNK AIRTECH BBG W/BAL",https://www.amazon.com/dp/B07XNTGCPB,Baseball,Fielding Gloves,Glove & Ball,2026-08-31,227,2027-03-22,102,156,130,224,2026-09-09,23,14.055600615137234
ASIN_E8A30C,EYE BLK - VANILLA LUXE,,Baseball,General Accessories,Eye Black,2026-08-31,115,2027-07-19,41,52,65,95,2026-09-04,8,17.149777034515644
ASIN_8E7271,"12.5"" CML/BRN CTZ 1B BBG REG",,Baseball,Fielding Gloves,Baseball Glove,2026-08-31,14,2027-06-28,1,1,2,2,2026-09-10,2,16.121316929621887
ASIN_404D69,MLB A S CFX MINT HI-LITE BTG,https://www.amazon.com/dp/B07XT885W9,Baseball,Gloves,Batting Glove,2026-08-31,89,2027-07-19,6,6,7,10,,,
ASIN_318770,MLB Y M CFX F.GRN HI-LT BTG,,Baseball,Gloves,Batting Glove,2026-08-31,51,2026-10-26,2,3,4,5,,,
ASIN_8E7271,"12.5"" CML/BRN CTZ 1B BBG REG",,Baseball,Fielding Gloves,Baseball Glove,2026-08-31,10,2026-11-16,1,2,2,3,2026-09-09,2,12.589075183419016
ASIN_D2B8B3,"12.0"" BWN/CAMEL PIG BBG REG",https://www.amazon.com/dp/B07X64CNG5,Baseball,Fielding Gloves,Baseball Glove,2026-08-31,840,2027-06-14,45,63,66,68,,,
ASIN_78D668,MLB A XL CFX FULL RED BTG,https://www.amazon.com/dp/B071LGB59P,Baseball,Gloves,Batting Glove,2026-08-31,52,2026-12-07,6,8,10,13,2026-09-03,3,15.356494721284633
ASIN_BF246D,MLB A M GRY HLT PS INF BTG PR,https://www.amazon.com/dp/B07XTDMYQM,Baseball,Gloves,Batting Glove,2026-08-31,41,2027-04-26,9,13,16,23,2026-09-10,5,13.83075439969296
ASIN_421D0D,USASB W XL CFX PRL/WHT AURA BT,,Baseball,Gloves,Batting Glove,2026-08-31,7,2027-06-21,0,0,1,1,,,
ASIN_A58A33,MLB A S CFX PNK/CBLUE HI-LITE,,Baseball,Gloves,Batting Glove,2026-08-31,31,2026-12-28,7,12,16,19,2026-09-05,17,14.769343944267879
ASIN_ECC7CB,MLB 61X44 PRO CATCHER RTN,https://www.amazon.com/dp/B001M20PLO,Baseball,Training Aids,Pitchback,2026-08-31,338,2026-10-26,23,35,36,52,2026-09-09,112,13.483997019311404
ASIN_741E66,MLB A M PRL/RYL PRO CLSC BTG,https://www.amazon.com/dp/B013LPTIR6,Baseball,Gloves,Batting Glove,2026-08-31,14,2026-09-07,1,1,2,2,2026-09-09,4,14.4392633378717
ASIN_E4C13E,Y M RED ACRYLIC BSBL SOCK PR,https://www.amazon.com/dp/B00CI4OE9Y,Baseball,Apparel,Socks,2026-08-31,1072,2027-06-21,123,160,202,235,2026-09-10,63,16.508412384477946
ASIN_111BA3,MLB Y L WHT/CBLUE DIGTK HILT,https://www.amazon.com/dp/B07XLK9B16,Baseball,Gloves,Batting Glove,2026-08-31,21,2027-07-05,6,10,13,18,2026-09-10,8,17.27731499491417
ASIN_A40BA2,MLB Y S VNILA CFX PRO GOLD BTG,,Baseball,Gloves,Batting Glove,2026-08-31,37,2026-09-28,5,5,7,11,2026-09-11,5,13.198876124407702
ASIN_EE3591,MLB 2-IN-1 SWTCH HTR RTRN TGT,https://www.amazon.com/dp/B00O9ZRVZE,Baseball,Training Aids,Pitchback,2026-08-31,2084,2027-04-05,531,587,747,863,2026-09-22,3820,32.2481147883798
ASIN_2842B7,MLB T M BLK/WHT G2P BTG,,Baseball,Gloves,Batting Glove,2026-08-31,109,2026-11-02,4,6,7,11,,,
ASIN_162248,MLB A XXL BLK/BLK PRO CLSC BTG,https://www.amazon.com/dp/B013LPTXK8,Baseball,Gloves,Batting Glove,2026-08-31,19,2026-08-31,1,1,1,2,,,
ASIN_516096,MLB A XL PRL/NVY CFX PRO BTG,https://www.amazon.com/dp/B01IUV8FG6,Baseball,Gloves,Batting Glove,2026-08-31,22,2026-11-23,2,3,4,5,2026-09-05,3,14.639087734394854
ASIN_3172BF,"13.0"" BLK/CHRM CTZ BBG REG",,Baseball,Fielding Gloves,Baseball Glove,2026-08-31,45,2026-09-28,3,3,4,5,,,
ASIN_12028C,MLB A S PRL/NVY CFX PRO BTG,https://www.amazon.com/dp/B01IUV8FOS,Baseball,Gloves,Batting Glove,2026-08-31,31,2027-03-22,2,3,3,5,2026-09-09,4,16.54513050663044
ASIN_8FCC35,A PRT HAND GUARD LG BLK/GLD,,Baseball,Protective Gear,Hand Protective,2026-08-31,187,2027-02-01,27,37,40,47,2026-09-11,8,15.59048659605577
ASIN_F2A4D8,"9.5"" GRPHT/PNK BBG REG W/BALL",https://www.amazon.com/dp/B00VN2DN6W,Baseball,Fielding Gloves,Glove & Ball,2026-08-31,300,2026-10-26,40,46,65,82,,,
ASIN_652486,"9.0"" WHT/PNK AIRTECH BBG W/BAL",https://www.amazon.com/dp/B07XNTGCPB,Baseball,Fielding Gloves,Glove & Ball,2026-08-31,262,2027-03-22,104,130,156,232,2026-09-03,5,13.888998093859472
ASIN_D2B8B3,"12.0"" BWN/CAMEL PIG BBG REG",https://www.amazon.com/dp/B07X64CNG5,Baseball,Fielding Gloves,Baseball Glove,2026-08-31,926,2026-12-07,34,43,51,61,,,
ASIN_007442,MLB Y M PNK CBL PS INF BTG PR,,Baseball,Gloves,Batting Glove,,,2027-05-24,3,5,5,8,2026-09-09,9,12.345347969679379
ASIN_0CF5B0,MLB A L PRL/WHT CFX PRO BTG,https://www.amazon.com/dp/B013LPT1OQ,Baseball,Gloves,Batting Glove,2026-08-31,154,2026-09-07,17,21,19,30,2026-09-11,5,13.763987476772472
ASIN_FECE4E,MLB A L CFX TEAL/CORL HI-LITE,,Baseball,Gloves,Batting Glove,,,2027-01-11,3,3,4,7,2026-09-10,23,14.359987914167398
ASIN_E228E3,MLB A M CFX FULL BLACK BTG,https://www.amazon.com/dp/B071LGB59N,Baseball,Gloves,Batting Glove,2026-08-31,79,2026-11-02,12,11,19,15,2026-09-03,6,13.906634198381736
ASIN_7D9A09,MLB Y S OPK APL PS INF BTG PR,,Baseball,Gloves,Batting Glove,2026-08-31,4,2027-03-22,3,3,3,7,2026-09-11,4,12.886137364868382
ASIN_56E1F6,MLB Y L WHT/FGRN 2ND SKNZ BTG,https://www.amazon.com/dp/B07XLHMKD8,Baseball,Gloves,Batting Glove,2026-08-31,48,2027-07-26,3,5,7,7,2026-09-12,4,15.062439726059436
ASIN_DC0053,MLB Y S WHT/BLK DIGITEK BTG PR,https://www.amazon.com/dp/B013LQBUOY,Baseball,Gloves,Batting Glove,2026-08-31,7,2027-05-17,31,44,56,57,2026-09-09,39,12.705741587859201
ASIN_73C61A,MLB A XL CFX FULL WHITE BTG,https://www.amazon.com/dp/B071LGB5WD,Baseball,Gloves,Batting Glove,2026-08-31,129,2027-01-11,16,20,21,27,2026-09-10,9,13.894200246372383
ASIN_7B45A1,MLB A L VNILA CFX PRO GOLD BTG,,Baseball,Gloves,Batting Glove,2026-08-31,80,2026-09-07,10,12,15,17,2026-09-11,10,14.03448838049322
ASIN_C61968,MLB A XL CFX FULL NAVY BTG,https://www.amazon.com/dp/B0714CFZM2,Baseball,Gloves,Batting Glove,2026-08-31,61,2026-09-21,17,23,23,27,2026-09-10,5,15.181019011447058
ASIN_378399,MLB A XL RED/RED NAT HI-LTE BT,,Baseball,Gloves,Batting Glove,2026-08-31,18,2026-12-07,1,1,2,4,,,
ASIN_6ACB98,MLB IDB BASEB WHT - 6 PC MSH,https://www.amazon.com/dp/B07HYXD3Q8,Baseball,Balls,Ball,2026-08-31,4695,2026-09-14,523,638,861,990,2026-09-09,299,14.677514645001313
ASIN_C86AAF,MLB A M WHT/FGRN DIGTK GLD BTG,https://www.amazon.com/dp/B07XT7JJ95,Baseball,Gloves,Batting Glove,2026-08-31,37,2027-06-07,5,5,7,9,2026-09-09,3,14.734262119090577
ASIN_75F579,USA BB VENOM 1000 24/14 GRN,https://www.amazon.com/dp/B075SLG82L,Baseball,Bats,Bat,2026-08-31,111,2027-01-04,31,47,54,81,,,
ASIN_11E6B6,MLB HTHR GRY BATPACK,https://www.amazon.com/dp/B075SM1PVR,Baseball,Bags,Backpack,2026-08-31,245,2026-09-28,5,6,9,13,,,
ASIN_9D207F,MLB Y L WHT/WHT 2ND SKINZ BTG,https://www.amazon.com/dp/B07GJQ9WBZ,Baseball,Gloves,Batting Glove,2026-08-31,88,2027-03-15,15,17,24,29,2026-09-09,18,15.066003889713482
ASIN_FCEAD3,MLB A M CFX FULL WHITE BTG,https://www.amazon.com/dp/B072BW4S2Y,Baseball,Gloves,Batting Glove,2026-08-31,115,2027-05-03,37,52,53,67,2026-09-10,4,14.390211923210734
ASIN_B39A2C,MLB Y M CFX FULL BLACK BTG,https://www.amazon.com/dp/B0714CFZM4,Baseball,Gloves,Batting Glove,2026-08-31,26,2026-08-31,5,5,5,6,2026-09-10,5,11.702999717122562
ASIN_EF4B82,MLB Y S NVY GLD PS INF BTG PR,,Baseball,Gloves,Batting Glove,2026-08-31,14,2027-06-21,1,1,1,2,,,
ASIN_DFDCDC,Y XL RLXD GRY BSBL PANT BULK,,Baseball,Apparel,Pant,2026-08-31,1,2027-07-12,34,37,57,71,2026-09-10,8,11.797732353976016
ASIN_CADD9D,A PRT LEG GUARD CBLU/RED HILTE,,Baseball,Protective Gear,Leg Protective,2026-08-31,35,2027-05-10,2,3,5,6,,,
ASIN_FE030A,A PRT ELBOW GUARD RYL HILTE,,Baseball,Protective Gear,Elbow Protective,2026-08-31,8,2027-07-12,2,3,3,5,,,
ASIN_C81418,Y L GOLD ACRYLIC BSBL SOCK PR,https://www.amazon.com/dp/B09Y2L6RB1,Baseball,Apparel,Socks,2026-08-31,1257,2027-04-12,16,21,27,42,,,
ASIN_E56307,"10.5"" GRY/PNK SHOCK SORB REG",https://www.amazon.com/dp/B00NYA3QGS,Baseball,Fielding Gloves,Baseball Glove,2026-08-31,572,2026-12-07,83,87,118,121,2026-09-05,23,13.55983677044974
ASIN_140F22,MLB HEAVTY DUTY BATTING TEE,https://www.amazon.com/dp/B01AXYC06E,Baseball,Training Aids,Batting Tee,2026-08-31,2073,2027-05-03,315,388,386,592,2026-09-12,84,13.069109668792715
ASIN_05AA88,MLB A XXL CFX FULL NAVY BTG,https://www.amazon.com/dp/B0711RS5K7,Baseball,Gloves,Batting Glove,,,2026-09-14,3,4,4,5,2026-09-09,4,15.974540010075083
ASIN_76F3EA,MLB T L WHT/PNK TBALL FLEX BTG,https://www.amazon.com/dp/B07GJD69VG,Baseball,Gloves,Batting Glove,2026-08-31,143,2027-02-15,36,38,52,58,2026-09-11,5,17.608321457737816
ASIN_DAEC06,MLB Y L CFX NAVY/GRN HILTE BTG,,Baseball,Gloves,Batting Glove,2026-08-31,396,2027-05-24,10,9,13,18,,,
ASIN_C5F2A6,MLB Y M VNILA CFX PRO GOLD BTG,,Baseball,Gloves,Batting Glove,2026-08-31,42,2026-10-12,4,5,5,9,,,
ASIN_47144E,MLB Y M RED GLD PS INF BTG PR,,Baseball,Gloves,Batting Glove,2026-08-31,50,2027-07-19,1,1,1,2,,,
ASIN_CD2928,USA BB VENOM 1100 24/13 BLUE,https://www.amazon.com/dp/B075SL8KVZ,Baseball,Bats,Bat,2026-08-31,597,2027-03-01,146,177,229,375,2026-09-04,39,15.326426393278156
ASIN_A589F0,MLB A S WHT/NVY 2ND SKINZ BTG,https://www.amazon.com/dp/B07XNY3YYF,Baseball,Gloves,Batting Glove,2026-08-31,87,2027-06-21,4,5,8,7,,,
ASIN_140339,MLB A BASEBALL BELT RED,,Baseball,Apparel,Belt,2026-08-31,286,2027-04-05,50,56,69,116,,,
ASIN_C7D040,SFIA A XL BLK HI-TK REC GLV,https://www.amazon.com/dp/B07DNTMNPK,Baseball,Gloves,Sport Glove,2026-08-31,7,2027-04-05,5,5,8,13,2026-09-04,5,15.430587467406387
ASIN_590BCA,MLB A L CFX YLW/YLW HI-LT BTG,,Baseball,Gloves,Batting Glove,2026-08-31,134,2026-11-09,14,14,19,20,2026-09-03,18,14.496566496206553
ASIN_F828FB,"12.0"" FLDMSTR CML/BRN BBG REG",https://www.amazon.com/dp/B09Y2KC8DQ,Baseball,Fielding Gloves,Baseball Glove,2026-08-31,347,2026-08-31,108,131,132,170,2026-09-03,12,16.939360360124617
ASIN_42D990,MLB A XL CFX FULL RYL BTG,https://www.amazon.com/dp/B07GJD3X1B,Baseball,Gloves,Batting Glove,2026-08-31,1,2027-03-29,4,4,4,7,2026-09-09,5,15.87708489517067
ASIN_EDD585,MLB A M WHT PRO CLSC GOLD BTG,https://www.amazon.com/dp/B0BL8K186C,Baseball,Gloves,Batting Glove,2026-08-31,102,2026-11-23,2,5,6,8,,,
ASIN_BF9C26,USA BB HEIST 900 27/18 BLK,,Baseball,Bats,Bat,2026-08-31,22,2026-10-19,7,7,9,12,2026-09-09,11,12.63167340640563
ASIN_64765E,MLB A XL CFX YLW/YLW HI-LT BTG,,Baseball,Gloves,Batting Glove,2026-08-31,86,2026-12-07,9,13,15,16,2026-09-03,4,13.293375627359245
ASIN_8990F2,MLB DLX 4 PCS RBR BASE SET ORG,https://www.amazon.com/dp/B09LMN94MM,Baseball,Training Aids,Base Set,2026-08-31,40,2026-10-26,5,8,11,13,,,
ASIN_E0EA5F,Y M SLIDING SHORT WHT/BLK BULK,https://www.amazon.com/dp/B09D5M7DZ6,Baseball,Apparel,Sliding Short,2026-08-31,353,2027-07-05,35,48,53,92,2026-09-05,62,15.21730431258844
ASIN_0BAC53,MLB A XXL PRL/WHT NAT II BTG P,https://www.amazon.com/dp/B00G2GFIW6,Baseball,Gloves,Batting Glove,2026-08-31,6,2026-09-28,0,0,1,1,,,
ASIN_6222AE,MLB A S PRL/WHT NEO CHRM BTG,https://www.amazon.com/dp/B0BL8LTD28,Baseball,Gloves,Batting Glove,2026-08-31,16,2026-12-14,2,1,2,3,,,
ASIN_07C065,Y XS KNKR WHT BSBL PANT BULK,https://www.amazon.com/dp/B00CI4OZBG,Baseball,Apparel,Pant,2026-08-31,2934,2027-04-05,229,271,344,573,2026-09-05,20,16.084124802002083
ASIN_278D34,MLB Y L BLK/BLK DIGITEK BTG PR,https://www.amazon.com/dp/B072KR83N1,Baseball,Gloves,Batting Glove,2026-08-31,203,2027-05-31,19,18,23,32,,,
ASIN_A16E5C,"9.5"" GRPHT/PNK BBG W/BALL FR",https://www.amazon.com/dp/B00WAESUGA,Baseball,Fielding Gloves,Glove & Ball,2026-08-31,152,2026-10-19,16,16,18,26,2026-09-04,5,12.757792247608172
ASIN_30E3B5,MLB SFTSTRK CHRM BAL 12PC BULK,https://www.amazon.com/dp/B09SFKPLD9,Baseball,Balls,Teeball,2026-08-31,145,2026-10-26,3,4,6,8,,,
ASIN_96BD69,MLB A BASEBALL BELT ORANGE,,Baseball,Apparel,Belt,2026-08-31,32,2027-04-12,9,13,18,21,2026-09-10,10,15.682207776142027
ASIN_620A74,"9.5"" GRAPHITE/PNK PVC BBG REG",https://www.amazon.com/dp/B013LPROJ0,Baseball,Fielding Gloves,Baseball Glove,2026-08-31,46,2027-05-03,6,7,12,14,,,
ASIN_C708DA,MLB A S GRY/NVY CFX PRO BTG,https://www.amazon.com/dp/B006DOIJHI,Baseball,Gloves,Batting Glove,2026-08-31,1,2027-04-12,4,5,7,9,2026-09-09,12,12.70840070357809
ASIN_B6AACD,MLB A M WHT/BLK DIGITEK BTG PR,https://www.amazon.com/dp/B013LPV5T0,Baseball,Gloves,Batting Glove,2026-08-31,23,2027-07-19,18,22,26,33,2026-09-09,14,12.914876587692111
ASIN_8E2294,MLB A XL WHT/CHRM AW BTG,https://www.amazon.com/dp/B0BL8J9GNC,Baseball,Gloves,Batting Glove,2026-08-31,10,2027-05-10,1,1,1,2,,,
ASIN_8188C6,Y L RED ACRYLIC BSBL SOCK PR,https://www.amazon.com/dp/B00CI4OKGG,Baseball,Apparel,Socks,2026-08-31,1251,2026-12-21,29,32,46,56,2026-09-04,30,17.732806769590795
ASIN_0A4ED2,MLB A XL CFX MINT HI-LITE BTG,https://www.amazon.com/dp/B07XT5Y2D1,Baseball,Gloves,Batting Glove,2026-08-31,92,2027-02-15,5,7,7,9,,,
ASIN_DFDCAD,MLB A L NVY/NVY NAT HI-LTE BTG,,Baseball,Gloves,Batting Glove,2026-08-31,38,2027-05-03,1,3,3,4,,,
ASIN_17519B,USA BB VENOM 1300 26/13 RED,,Baseball,Bats,Bat,2026-08-31,123,2026-10-26,12,12,15,17,2026-09-05,5,14.269377615636582
ASIN_7C4C95,MLB A XL CFX PRT WHT/GLD BTG,,Baseball,Gloves,Batting Glove,2026-08-31,14,2027-05-10,1,1,2,3,,,
ASIN_62F0C3,A PRT HAND GUARD LG RYL HILITE,,Baseball,Protective Gear,Hand Protective,2026-08-31,27,2027-06-14,3,5,5,7,,,
ASIN_2FEC3F,Y XL GREY BASEBALL PANTS BULK,https://www.amazon.com/dp/B00NDIUCQI,Baseball,Apparel,Pant,2026-08-31,1152,2026-09-14,257,272,423,451,2026-09-03,37,14.795445968792732
ASIN_C217A1,"10.0"" BWN/CAMEL PIG BBG REG",https://www.amazon.com/dp/B07WZWQN1Z,Baseball,Fielding Gloves,Baseball Glove,2026-08-31,565,2026-10-26,11,19,17,26,,,
ASIN_4C70B9,"9.5"" BLK/GLD MESH BBG W/BAL",https://www.amazon.com/dp/B07X21X27Y,Baseball,Fielding Gloves,Glove & Ball,2026-08-31,576,2026-10-19,72,94,114,123,2026-09-03,27,11.286235390034271
ASIN_AD4163,MLB A XL COLD MAX BTG,https://www.amazon.com/dp/B07CKZ4TSL,Baseball,Gloves,Batting Glove,2026-08-31,23,2027-05-24,1,1,1,1,,,
ASIN_A8C25C,MLB A XL WHT PRO CLSC GOLD BTG,https://www.amazon.com/dp/B0BL8K6B1J,Baseball,Gloves,Batting Glove,2026-08-31,23,2026-09-28,2,3,3,5,2026-09-09,4,15.506119547118482
ASIN_014DB3,Y M KNKR WHT BSBL PANT BULK,https://www.amazon.com/dp/B00CI4JOIA,Baseball,Apparel,Pant,2026-08-31,3336,2026-12-14,89,133,133,179,2026-09-09,431,16.13031785702216
ASIN_20F561,MLB Y M CFX PNK/GRNAPL HI-LITE,,Baseball,Gloves,Batting Glove,,,2026-12-07,9,13,16,22,2026-09-04,12,15.057573958957585
ASIN_BA7AAF,Y XL PRL/BLK SELECT JR GOLF RH,https://www.amazon.com/dp/B09PSBTZBC,Baseball,Gloves,Sport Glove,,,2027-03-08,0,0,1,1,,,
ASIN_CE64F4,Y L PRL/BLK SELECT JR GOLF RH,https://www.amazon.com/dp/B09PSCQT1V,Baseball,Gloves,Sport Glove,2026-08-31,1,2027-02-01,0,0,1,1,,,
ASIN_877536,MLB Y L PNK CBL PS INF BTG PR,,Baseball,Gloves,Batting Glove,,,2027-03-01,5,6,8,13,2026-09-11,5,15.79413779806456
ASIN_F1A5A5,A S/M MINT ARM SLEEVE PR,,Baseball,Apparel,Sleeve,2026-08-31,10,,,,,,,,
ASIN_8FF065,MLB T M WHT/N.PNK G2P BTG,,Baseball,Gloves,Batting Glove,2026-08-31,222,2026-10-26,16,16,19,25,2026-09-11,8,14.666895988485022
ASIN_03E80C,MLB T XS WHT/N.PNK G2P BTG,,Baseball,Gloves,Batting Glove,2026-08-31,123,2027-01-18,13,16,20,24,2026-09-04,4,17.925887286467155
ASIN_86AEB1,MLB A L YLW HLT PS INF BTG PR,https://www.amazon.com/dp/B07XNWL4RH,Baseball,Gloves,Batting Glove,2026-08-31,33,2027-07-05,3,4,5,6,2026-09-09,5,14.21704996610577
ASIN_DC0053,MLB Y S WHT/BLK DIGITEK BTG PR,https://www.amazon.com/dp/B013LQBUOY,Baseball,Gloves,Batting Glove,2026-08-31,6,2027-01-25,21,25,31,30,2026-09-03,12,17.544662167785283
ASIN_DF6363,YTH MD SLIDING SHORT OPTIC YEL,https://www.amazon.com/dp/B00G97XHWG,Baseball,Apparel,Sliding Short,2026-08-31,720,2027-03-01,171,207,287,306,,,
ASIN_E938C7,MLB A S WHT/CHRM SHKSORB X BTG,https://www.amazon.com/dp/B07XNYNLFH,Baseball,Gloves,Batting Glove,2026-08-31,168,2026-12-21,9,12,16,15,2026-09-09,14,16.423387258656067
ASIN_82FA60,MLB A L CFX FULL NAVY BTG,https://www.amazon.com/dp/B071Z816QT,Baseball,Gloves,Batting Glove,2026-08-31,102,2026-09-28,10,12,15,17,2026-09-12,4,14.92213155853034
ASIN_140F22,MLB HEAVTY DUTY BATTING TEE,https://www.amazon.com/dp/B01AXYC06E,Baseball,Training Aids,Batting Tee,2026-08-31,2341,2027-02-15,185,220,276,286,2026-09-04,3,14.984189296790758
ASIN_B00829,MLB Y CFX PRT SLIDER NAVY HLTE,,Baseball,Protective Gear,Slider,2026-08-31,37,2027-03-08,4,5,7,10,,,
ASIN_378399,MLB A XL RED/RED NAT HI-LTE BT,,Baseball,Gloves,Batting Glove,2026-08-31,14,2027-01-18,1,1,2,2,,,
ASIN_70535D,MLB A XXL CFX FULL WHITE BTG,https://www.amazon.com/dp/B0711RS5K6,Baseball,Gloves,Batting Glove,2026-08-31,36,2027-02-22,4,6,6,9,2026-09-09,5,16.01600587108723
ASIN_F1AB9F,MLB A L WHT/FGRN 2ND SKNZ BTG,https://www.amazon.com/dp/B07XT1CZ6D,Baseball,Gloves,Batting Glove,2026-08-31,39,2026-10-12,4,6,7,10,2026-09-09,8,14.214107385341284
ASIN_140F22,MLB HEAVTY DUTY BATTING TEE,https://www.amazon.com/dp/B01AXYC06E,Baseball,Training Aids,Batting Tee,2026-08-31,1669,2027-01-18,198,220,248,362,2026-09-09,324,14.28587193853907
ASIN_CADD9D,A PRT LEG GUARD CBLU/RED HILTE,,Baseball,Protective Gear,Leg Protective,2026-08-31,37,2026-12-14,1,2,3,5,,,
ASIN_EFAA17,MLB A M PRL/BLK CFX PRO BTG,https://www.amazon.com/dp/B006DOILXK,Baseball,Gloves,Batting Glove,2026-08-31,65,2026-11-16,7,8,9,12,2026-09-09,10,14.54343439130407
ASIN_D06DB6,MLB A M CUP W/COMP SHORT,https://www.amazon.com/dp/B003YLCF0U,Baseball,Protective Gear,Compression Short,2026-08-31,539,2027-04-05,26,40,49,69,,,
ASIN_08A763,USA BB BRCDA 1100 26/15 BLK,https://www.amazon.com/dp/B07X64ZGXZ,Baseball,Bats,Bat,2026-08-31,55,2027-01-04,4,6,7,8,2026-09-04,3,14.066621496755497
ASIN_32D9BE,MLB THIN BAT TRAINER & BALLS,https://www.amazon.com/dp/B004ODTOGA,Baseball,Bats,Bat & Ball Set,2026-08-31,1007,2027-07-19,110,127,158,172,2026-12-10,202,36.59438624863957
ASIN_51CE16,MLB A XL BRG GLD PS INF BTG PR,https://www.amazon.com/dp/B07XJX4K5H,Baseball,Gloves,Batting Glove,2026-08-31,15,2027-07-26,1,1,2,2,,,
ASIN_54F5DE,MLB A L CFX NAVY/GRN HILTE BTG,,Baseball,Gloves,Batting Glove,2026-08-31,321,2027-04-05,5,7,8,12,,,
ASIN_A8370D,GATOR BAT GRIP AW5000 WHT/CHRM,https://www.amazon.com/dp/B07XKRT8ZN,Baseball,General Accessories,Tape,,,2026-09-07,0,0,0,0,,,
ASIN_F6CDF8,"10.5"" FLDMSTR CML/BRN BBG REG",https://www.amazon.com/dp/B0BHFCG9D3,Baseball,Fielding Gloves,Baseball Glove,2026-08-31,152,2027-03-29,39,49,61,92,2026-09-09,56,14.648834550217032
ASIN_D1F00C,MLB A S CFX PRT RED HILTE BTG,,Baseball,Gloves,Batting Glove,2026-08-31,16,2027-04-26,1,2,2,3,,,
ASIN_BE82F9,MLB A M CFX YLW/YLW HI-LT BTG,,Baseball,Gloves,Batting Glove,2026-08-31,92,2027-07-05,9,10,11,16,2026-09-09,3,15.286461856755448
ASIN_2F122B,MLB A XL RED PRO CLSC HILTE BT,,Baseball,Gloves,Batting Glove,2026-08-31,19,2027-03-29,1,2,2,3,,,
ASIN_D779FD,MLB IDB LAUNCH LINE,,Baseball,Balls,Training Aid,2026-08-31,124,2027-02-22,14,17,18,30,2026-09-05,4,15.080345626408825
ASIN_8990F2,MLB DLX 4 PCS RBR BASE SET ORG,https://www.amazon.com/dp/B09LMN94MM,Baseball,Training Aids,Base Set,2026-08-31,34,2027-05-10,12,15,19,20,,,
ASIN_7CBCAA,MLB Y L CFX FULL ORG BTG,,Baseball,Gloves,Batting Glove,2026-08-31,73,2026-09-21,3,5,7,9,2026-09-10,3,15.134025899689
ASIN_71E76B,MLB Y M WHT/BLK DIGITEK BTG PR,https://www.amazon.com/dp/B013LQC3H2,Baseball,Gloves,Batting Glove,2026-08-31,249,2027-05-17,51,52,76,90,2026-09-03,5,13.615497741555064
ASIN_8E2DEC,MLB Y CFX PRT SLIDER RYL HILTE,,Baseball,Protective Gear,Slider,2026-08-31,36,2027-06-28,2,3,4,6,,,
ASIN_56E1F6,MLB Y L WHT/FGRN 2ND SKNZ BTG,https://www.amazon.com/dp/B07XLHMKD8,Baseball,Gloves,Batting Glove,2026-08-31,44,2027-03-01,8,9,13,17,2026-09-09,17,10.82594817900116
ASIN_9A9407,MLB Y S WHT/FGRN DIGTK GLD BTG,https://www.amazon.com/dp/B07XLJGVB7,Baseball,Gloves,Batting Glove,2026-08-31,67,2027-02-15,7,10,12,17,2026-09-11,9,14.949347042250917
ASIN_B2F2C8,MLB T L BLK/WHT G2P BTG,,Baseball,Gloves,Batting Glove,2026-08-31,24,2026-11-23,5,4,6,8,2026-09-03,4,16.573909926108307
ASIN_06493D,MLB A XL CFX PNK/GRNAPL HI-LIT,,Baseball,Gloves,Batting Glove,2026-08-31,1,2027-04-19,12,11,17,22,2026-09-03,6,14.011956909217847
ASIN_BFFA11,"12.0"" PVC FLDMSTR USA BBG FR",https://www.amazon.com/dp/B07J375P4D,Baseball,Fielding Gloves,Baseball Glove,2026-08-31,425,2026-12-07,24,28,39,42,,,
ASIN_E0D5B6,MLB T XS BLK/WHT TBALL FLX BTG,https://www.amazon.com/dp/B07GJD8G56,Baseball,Gloves,Batting Glove,2026-08-31,266,2027-05-17,16,21,20,29,2026-09-09,43,12.016272935374218
ASIN_3D308F,MLB A S BLK/BLK SHKSORB X BTG,https://www.amazon.com/dp/B07GJS68X6,Baseball,Gloves,Batting Glove,2026-08-31,77,2026-10-26,14,13,18,20,2026-09-11,7,15.399517470821868
ASIN_851633,MLB SFTSTRK T-BALL - 12PC MESH,https://www.amazon.com/dp/B0BJYD4V4W,Baseball,Balls,Teeball,2026-08-31,112,2027-07-26,5,8,10,13,,,
ASIN_9E5FF4,"9.0"" RED NEOGRP BBG W/BALL REG",https://www.amazon.com/dp/B013LPRY8Q,Baseball,Fielding Gloves,Glove & Ball,2026-08-31,112,2026-12-14,45,51,68,76,2026-09-04,9,14.30252340014478
ASIN_318329,MLB TRAVELER ELITE CS BLK BAG,https://www.amazon.com/dp/B07H5Q6G28,Baseball,Bags,Backpack,2026-08-31,19,2027-04-12,3,5,6,9,,,
ASIN_FE9A5C,A M PRL/BLK PRO GOLF GLV RH,https://www.amazon.com/dp/B07X575C5K,Baseball,Gloves,Sport Glove,2026-08-31,15,2026-10-12,1,2,2,3,2026-09-05,4,14.23672706529135
ASIN_07C065,Y XS KNKR WHT BSBL PANT BULK,https://www.amazon.com/dp/B00CI4OZBG,Baseball,Apparel,Pant,2026-08-31,2743,2027-07-12,227,333,407,604,2026-09-04,293,14.075272860118583
ASIN_DFA08D,MLB Y M WHT/WHT CLSC XT BTG PR,https://www.amazon.com/dp/B07X43VWZ6,Baseball,Gloves,Batting Glove,2026-08-31,220,2027-05-10,11,16,21,30,,,
ASIN_2A2540,MLB 12.5OZ CONTACT BALL 3 PK,https://www.amazon.com/dp/B01L3OQYGU,Baseball,Balls,Ball,2026-08-31,23,2027-04-05,4,5,6,9,2026-09-10,1,13.90854682550095
ASIN_478050,MLB DELUXE GLOVE LACING KIT,https://www.amazon.com/dp/B0010FUG5I,Baseball,General Accessories,Accessory,2026-08-31,317,2026-12-07,31,36,44,59,2026-09-04,6,12.627999889120758
ASIN_BC9E33,MLB A M CFX ORG CHROME BTG PR,,Baseball,Gloves,Batting Glove,2026-08-31,83,2027-04-26,9,11,13,16,2026-09-09,9,11.374757283675187
ASIN_F30A74,MLB A M BLK/GLD 2ND SKNZ BTG,https://www.amazon.com/dp/B07XT73ZV1,Baseball,Gloves,Batting Glove,2026-08-31,72,2026-12-14,7,10,12,15,2026-09-09,4,15.359562533055966
ASIN_98A1B4,MLB A M NVY CHROME PWRSTP BTG,https://www.amazon.com/dp/B07GJQBPXJ,Baseball,Gloves,Batting Glove,2026-08-31,19,2027-03-15,3,4,5,6,,,
ASIN_4081B1,MLB A M GRY/NVY CFX PRO BTG,https://www.amazon.com/dp/B005P4TIDG,Baseball,Gloves,Batting Glove,2026-08-31,44,2026-12-07,6,9,10,12,2026-09-10,4,13.591292259425959
ASIN_EDCDA7,MLB Y CFX PRT SLIDER YLW/RED,,Baseball,Protective Gear,Slider,2026-08-31,30,2026-10-19,1,1,2,3,,,
ASIN_6C7463,MLB A XL WHT/BLK SHOKSORB BTG,https://www.amazon.com/dp/B00NCWCA4C,Baseball,Gloves,Batting Glove,2026-08-31,40,2027-07-19,13,18,19,27,2026-09-05,10,14.073438002386002
ASIN_39A543,A PRT ELBOW GUARD NVY HILTE,,Baseball,Protective Gear,Elbow Protective,2026-08-31,12,2026-10-26,1,1,3,4,,,
ASIN_2464BA,JUNIOR EQUIPMENT BAG NAVY,https://www.amazon.com/dp/B0069JD78I,Baseball,Bags,Equipment Bag,2026-08-31,344,2027-03-29,33,35,55,69,,,
ASIN_111DAB,MLB A L RED/RED NAT HI-LTE BTG,,Baseball,Gloves,Batting Glove,2026-08-31,20,2026-11-16,1,1,2,4,,,
ASIN_2A2540,MLB 12.5OZ CONTACT BALL 3 PK,https://www.amazon.com/dp/B01L3OQYGU,Baseball,Balls,Ball,2026-08-31,19,2026-09-21,3,4,6,8,2026-09-10,1,13.388415854543934
ASIN_600C43,MLB Y L C.BLU CFX HI-LT BTG,https://www.amazon.com/dp/B07XTGDGFY,Baseball,Gloves,Batting Glove,2026-08-31,44,2027-07-19,17,21,33,38,,,
ASIN_9C6DBE,MLB A XL WHT GLD PS INF BTG PR,,Baseball,Gloves,Batting Glove,2026-08-31,23,2027-02-22,4,5,4,6,2026-09-09,4,15.018763526606007
ASIN_259B7C,MLB A S CFX BURG HI-LT BTG,,Baseball,Gloves,Batting Glove,2026-08-31,54,2026-12-28,1,2,3,3,,,
ASIN_ACA76E,MLB Y L BLK/BLK 2ND SKINZ BTG,https://www.amazon.com/dp/B075NZDKSM,Baseball,Gloves,Batting Glove,2026-08-31,126,2026-12-21,5,6,8,10,,,
ASIN_DA79DF,MLB Y L BLK/GOLD SHKSORB X BTG,https://www.amazon.com/dp/B07XNSLWMX,Baseball,Gloves,Batting Glove,2026-08-31,113,2026-11-23,10,15,16,23,2026-09-09,8,11.858819015882254
ASIN_FF3AB7,MLB Y S CFX PNK/GRNAPL HI-LITE,,Baseball,Gloves,Batting Glove,,,2026-10-12,6,8,8,14,2026-09-03,3,14.144913224537952
ASIN_A40BA2,MLB Y S VNILA CFX PRO GOLD BTG,,Baseball,Gloves,Batting Glove,2026-08-31,43,2026-10-19,4,6,6,9,2026-09-03,5,10.918242780926489
ASIN_27FEF3,MLB T S BLK/WHT G2P BTG,,Baseball,Gloves,Batting Glove,2026-08-31,127,2027-01-25,11,11,15,21,2026-09-09,20,15.013074054500818
ASIN_9410E1,MLB A S WHT/FGRN DIGTK GLD BTG,https://www.amazon.com/dp/B07XTBBFBB,Baseball,Gloves,Batting Glove,2026-08-31,24,2026-09-21,2,3,3,6,,,
ASIN_03E80C,MLB T XS WHT/N.PNK G2P BTG,,Baseball,Gloves,Batting Glove,2026-08-31,158,2027-04-19,46,54,71,95,2026-09-09,13,12.275617042492499
ASIN_A6BD94,MLB Y M USA DIGITEK BTG PR,https://www.amazon.com/dp/B071KKN2J5,Baseball,Gloves,Batting Glove,2026-08-31,1172,2027-05-10,52,55,70,73,,,
ASIN_E4C13E,Y M RED ACRYLIC BSBL SOCK PR,https://www.amazon.com/dp/B00CI4OE9Y,Baseball,Apparel,Socks,2026-08-31,992,2026-11-16,79,135,135,185,2026-09-10,56,13.21746961096618
ASIN_DC0053,MLB Y S WHT/BLK DIGITEK BTG PR,https://www.amazon.com/dp/B013LQBUOY,Baseball,Gloves,Batting Glove,2026-08-31,6,2027-04-12,93,113,135,184,2026-09-10,8,15.706916978648142
ASIN_FFE95B,MLB Y S BLK/BLK CFX PRO BTG,https://www.amazon.com/dp/B0811THF7K,Baseball,Gloves,Batting Glove,,,2026-11-02,0,0,0,0,,,
ASIN_278D34,MLB Y L BLK/BLK DIGITEK BTG PR,https://www.amazon.com/dp/B072KR83N1,Baseball,Gloves,Batting Glove,2026-08-31,246,2026-09-21,10,12,15,16,,,
ASIN_D4EB3B,"12.0"" PVC FLDMSTR USA BBG REG",https://www.amazon.com/dp/B075RVWTC2,Baseball,Fielding Gloves,Baseball Glove,2026-08-31,1250,2026-08-31,56,69,80,79,,,
ASIN_55A45D,MLB A XL CFX FULL GREY BTG,,Baseball,Gloves,Batting Glove,2026-08-31,97,2027-03-29,17,24,28,38,2026-09-11,4,16.671837785000918
ASIN_E9CBFB,Y S ROYAL ACRYLIC BSBL SOCK PR,https://www.amazon.com/dp/B00CI4OBBA,Baseball,Apparel,Socks,2026-08-31,697,2026-10-05,131,129,221,302,2026-09-11,43,15.443230956207575
ASIN_9E8BA1,MLB 68X48 FYBK LG RTN,https://www.amazon.com/dp/B00GD739KW,Baseball,Training Aids,Pitchback,2026-08-31,1069,2027-03-01,281,246,379,460,2026-09-09,152,13.185224401979058
ASIN_4B715B,Y S PRL/BLK SELECT JR GOLF LH,https://www.amazon.com/dp/B09PSH7QW9,Baseball,Gloves,Sport Glove,2026-08-31,5,2026-08-31,1,1,1,1,,,
ASIN_9E8BA1,MLB 68X48 FYBK LG RTN,https://www.amazon.com/dp/B00GD739KW,Baseball,Training Aids,Pitchback,2026-08-31,1078,2027-05-03,325,329,433,542,2026-09-09,164,14.16907063113508
ASIN_338B35,MLB DLX PRO SUNGLASSES BLK,,Baseball,Eyewear,Sunglasses,2026-08-31,104,2027-04-05,32,37,43,70,2026-09-09,9,15.163687427290263
ASIN_EE3591,MLB 2-IN-1 SWTCH HTR RTRN TGT,https://www.amazon.com/dp/B00O9ZRVZE,Baseball,Training Aids,Pitchback,2026-08-31,2333,2027-02-01,283,271,482,539,2026-09-22,5520,33.38450287102193
ASIN_478050,MLB DELUXE GLOVE LACING KIT,https://www.amazon.com/dp/B0010FUG5I,Baseball,General Accessories,Accessory,2026-08-31,402,2027-06-21,70,95,93,136,2026-09-09,30,14.471529279484507
ASIN_A414F9,"MLB 24"" PITCHER RUBBER W/STAKE",https://www.amazon.com/dp/B013LPRASK,Baseball,Training Aids,Base Set,2026-08-31,429,2026-11-23,28,38,44,50,2026-09-11,22,17.96692993539053
ASIN_FF3AB7,MLB Y S CFX PNK/GRNAPL HI-LITE,,Baseball,Gloves,Batting Glove,,,2026-11-30,7,9,11,20,2026-09-10,11,15.213892657544381
ASIN_2464BA,JUNIOR EQUIPMENT BAG NAVY,https://www.amazon.com/dp/B0069JD78I,Baseball,Bags,Equipment Bag,2026-08-31,373,2026-09-07,11,14,18,24,,,
ASIN_68B983,SFIA A XXL BLK HI-TK REC GLV,https://www.amazon.com/dp/B07DNQXHDC,Baseball,Gloves,Sport Glove,2026-08-31,6,2027-03-29,1,3,4,5,2026-09-05,4,14.080813204007443
ASIN_02692B,MLB BASEBALL BELT NAVY,https://www.amazon.com/dp/B006A1VKWK,Baseball,Apparel,Belt,2026-08-31,1830,2027-05-03,320,334,491,519,2026-09-09,10,15.583281492871421
ASIN_8FCC35,A PRT HAND GUARD LG BLK/GLD,,Baseball,Protective Gear,Hand Protective,2026-08-31,224,2027-03-29,39,62,55,68,2026-09-09,65,12.8465536360958
ASIN_447CDB,"8.0"" STKTEK BLK/OYLW BBG W/BAL",https://www.amazon.com/dp/B07XK2NVYY,Baseball,Fielding Gloves,Glove & Ball,2026-08-31,446,2026-11-02,46,53,77,80,2026-09-11,16,16.45781745825489
ASIN_CDECEE,MLB Y M PRL/WHT PRO CLSC BTG,https://www.amazon.com/dp/B013LPU3KC,Baseball,Gloves,Batting Glove,2026-08-31,37,2026-09-28,1,1,1,2,,,
ASIN_6C378D,MLB Y M BLK/BLK DIGITEK BTG PR,https://www.amazon.com/dp/B072NCN2SJ,Baseball,Gloves,Batting Glove,2026-08-31,233,2026-09-07,12,14,18,19,2026-09-10,4,15.169809375327107
ASIN_EFE4AC,"MLB 17"" HI VIZ RUBBER PLATE",https://www.amazon.com/dp/B00O9ZS9I2,Baseball,Training Aids,Base Set,2026-08-31,620,2026-10-26,24,30,38,45,,,
ASIN_140339,MLB A BASEBALL BELT RED,,Baseball,Apparel,Belt,2026-08-31,264,2027-05-24,29,33,55,70,,,
ASIN_9D207F,MLB Y L WHT/WHT 2ND SKINZ BTG,https://www.amazon.com/dp/B07GJQ9WBZ,Baseball,Gloves,Batting Glove,2026-08-31,95,2026-08-31,9,10,11,12,2026-09-09,20,15.444868127769663
ASIN_C89E44,"9.5"" NVY/RED DIGI BBG REG W/BA",https://www.amazon.com/dp/B075RVW4KP,Baseball,Fielding Gloves,Glove & Ball,2026-08-31,0,2026-09-14,3,5,7,8,2026-09-05,4,15.741351287144179
ASIN_BFCBAA,"13.0"" CML/BRN CTZ5000 BBG REG",,Baseball,Fielding Gloves,Baseball Glove,2026-08-31,25,2027-07-26,2,1,3,5,,,
ASIN_155153,MLB A XL WHT/NVY CHRM SHKSRB X,https://www.amazon.com/dp/B0BL989NC6,Baseball,Gloves,Batting Glove,2026-08-31,41,2027-04-26,11,14,19,21,2026-09-05,4,15.576492229252985
ASIN_5CAFA3,MLB GATOR GRIP ROSIN BAG,https://www.amazon.com/dp/B07HYY1JGX,Baseball,General Accessories,Accessory,2026-08-31,2591,2027-04-05,171,232,274,349,2026-09-09,85,14.718206672929307
ASIN_9B5E95,OL3000 TP BSBL WHT BLST,https://www.amazon.com/dp/B007CFYQ6K,Baseball,Balls,Baseball,2026-08-31,14,2027-04-26,1,1,1,2,,,
ASIN_2406AC,"9.5"" BLK/WHT/GRY BBG W/BALL FR",https://www.amazon.com/dp/B00NYA3Z3W,Baseball,Fielding Gloves,Glove & Ball,2026-08-31,44,2027-01-18,10,11,12,17,2026-09-12,4,16.2587594122107
ASIN_56E1F6,MLB Y L WHT/FGRN 2ND SKNZ BTG,https://www.amazon.com/dp/B07XLHMKD8,Baseball,Gloves,Batting Glove,2026-08-31,39,2026-10-05,5,5,9,10,2026-09-05,8,15.603690197083127
ASIN_9BB0BA,MLB Y L WHT/CHRM SHKSORB X BTG,https://www.amazon.com/dp/B07XNWNRTB,Baseball,Gloves,Batting Glove,2026-08-31,128,2027-01-11,20,21,25,30,2026-09-05,16,14.322970786436981
ASIN_20ADE4,"14.0"" PVC FLDMSTR GOLD BBG REG",https://www.amazon.com/dp/B07XHPX4HK,Baseball,Fielding Gloves,Baseball Glove,2026-08-31,103,2027-02-01,35,49,46,65,2026-09-09,52,13.832894494649285
ASIN_0CBCEA,MLB A L BLK/BLK SHKSORB X BTG,https://www.amazon.com/dp/B07GJZ1D4G,Baseball,Gloves,Batting Glove,2026-08-31,234,2026-09-07,39,44,55,65,2026-09-09,72,15.365686244034393
ASIN_B0C1A7,"9.5"" BLK/WHT DIGI PVC BBG REG",https://www.amazon.com/dp/B013LPRT8Q,Baseball,Fielding Gloves,Baseball Glove,2026-08-31,89,2027-06-07,30,35,47,50,2026-09-03,4,15.24047323268739
ASIN_6D3FEF,Y L RLXD WHT BSBL PANT BULK,,Baseball,Apparel,Pant,2026-08-31,1,2027-02-01,55,73,74,137,2026-09-09,323,13.233648860412103
ASIN_487C84,A XL PRL/BLK TRAD GOLF GLV RH,https://www.amazon.com/dp/B07BNQT3J8,Baseball,Gloves,Sport Glove,2026-08-31,5,2027-04-12,0,0,1,1,,,
ASIN_BF9C26,USA BB HEIST 900 27/18 BLK,,Baseball,Bats,Bat,2026-08-31,24,2026-09-21,6,7,8,11,2026-09-09,11,13.474645033452997
ASIN_41E889,MLB Y L CFX PRPL HI-LT BTG,,Baseball,Gloves,Batting Glove,2026-08-31,72,2026-11-16,5,6,9,11,,,
ASIN_B800E6,USA BB BRCDA PCS 1300 24/11 RD,https://www.amazon.com/dp/B0BHG26P28,Baseball,Bats,Bat,,,2027-03-22,10,12,13,21,2026-09-04,3,13.073033211236481
ASIN_318770,MLB Y M CFX F.GRN HI-LT BTG,,Baseball,Gloves,Batting Glove,2026-08-31,35,2027-02-15,2,3,3,4,,,
ASIN_2C86A5,MLB A XL VNILA CFX PRO GOLD BT,,Baseball,Gloves,Batting Glove,2026-08-31,89,2026-11-16,11,13,17,22,2026-09-09,5,16.153302745359174
ASIN_3B3E0D,MLB GATOR GRIP - GRIP TRNR RED,https://www.amazon.com/dp/B07HYYCQLJ,Baseball,General Accessories,Bat Trainer,2026-08-31,49,2026-09-07,7,7,9,11,2026-09-10,17,17.703861018593027
ASIN_07C065,Y XS KNKR WHT BSBL PANT BULK,https://www.amazon.com/dp/B00CI4OZBG,Baseball,Apparel,Pant,2026-08-31,2926,2027-04-05,233,272,362,410,2026-09-02,627,15.14976692464886
ASIN_77FCD5,"MLB 18"" PITCHER RUBBER W/STAKE",https://www.amazon.com/dp/B013LPR8AA,Baseball,Training Aids,Base Set,2026-08-31,437,2027-04-19,102,185,176,223,2026-09-08,4,13.559616080790093
ASIN_BE7943,MLB A M PRL/WHT CFX PRO BTG,https://www.amazon.com/dp/B013LPT19Q,Baseball,Gloves,Batting Glove,2026-08-31,84,2026-12-21,11,11,14,21,2026-09-10,5,15.637119127137908
ASIN_461D97,MLB EYE BLK - RED FSN,https://www.amazon.com/dp/B07H5RGYFT,Baseball,General Accessories,Eye Black,2026-08-31,459,2027-05-31,70,110,120,173,2026-09-05,23,16.71080112688895
ASIN_5B644D,"9.5"" RED/RED PVC BBG FR W/BAL",https://www.amazon.com/dp/B075S4ML5D,Baseball,Fielding Gloves,Glove & Ball,2026-08-31,201,2026-11-30,24,34,39,45,2026-09-12,4,15.335775677491329
ASIN_C89E44,"9.5"" NVY/RED DIGI BBG REG W/BA",https://www.amazon.com/dp/B075RVW4KP,Baseball,Fielding Gloves,Glove & Ball,2026-08-31,0,2026-11-02,4,5,7,10,2026-09-10,3,14.234107537595007
ASIN_EFF54C,MLB Y BASEBALL BELT YELLOW,,Baseball,Apparel,Belt,2026-08-31,470,2027-01-11,43,58,80,105,2026-09-11,11,13.51668055348245
ASIN_F98834,MLB A M NVY/NVY NAT HI-LTE BTG,,Baseball,Gloves,Batting Glove,2026-08-31,41,2026-11-02,1,1,1,3,,,
ASIN_F2A4D8,"9.5"" GRPHT/PNK BBG REG W/BALL",https://www.amazon.com/dp/B00VN2DN6W,Baseball,Fielding Gloves,Glove & Ball,2026-08-31,265,2027-02-15,111,117,166,225,,,
ASIN_576E9A,"9.5"" BLK/WHT/GRY BBG W/BALL RE",https://www.amazon.com/dp/B00NYA3Z46,Baseball,Fielding Gloves,Glove & Ball,2026-08-31,473,2026-09-28,22,28,32,46,2026-09-05,10,13.58482753505731
ASIN_E1B05C,GATOR BAT GRIP AW5000 USA,https://www.amazon.com/dp/B07WGWN8BZ,Baseball,General Accessories,Tape,2026-08-31,53,2027-05-10,13,16,21,24,,,
ASIN_981230,"10.0"" FLDMSTR CML/BRN BBG FR",https://www.amazon.com/dp/B0BHF9TMXL,Baseball,Fielding Gloves,Baseball Glove,2026-08-31,44,2027-07-12,5,8,10,13,,,
ASIN_07C065,Y XS KNKR WHT BSBL PANT BULK,https://www.amazon.com/dp/B00CI4OZBG,Baseball,Apparel,Pant,2026-08-31,2429,2026-09-07,508,611,736,776,2026-09-11,4,12.30878428186754
ASIN_5B644D,"9.5"" RED/RED PVC BBG FR W/BAL",https://www.amazon.com/dp/B075S4ML5D,Baseball,Fielding Gloves,Glove & Ball,2026-08-31,209,2027-04-05,40,47,57,65,2026-09-09,14,14.966098342735386
ASIN_7B9F71,MLB A L WHT/WHT 2ND SKINZ BTG,https://www.amazon.com/dp/B07GJK54SR,Baseball,Gloves,Batting Glove,2026-08-31,179,2027-05-24,9,12,16,22,,,
ASIN_FF3AB7,MLB Y S CFX PNK/GRNAPL HI-LITE,,Baseball,Gloves,Batting Glove,,,2027-01-04,3,5,8,11,2026-09-09,4,16.38342863748238
ASIN_E10321,MLB A XL RED GLD PS INF BTG PR,https://www.amazon.com/dp/B07XPS2833,Baseball,Gloves,Batting Glove,2026-08-31,18,2027-02-08,1,1,2,3,,,
ASIN_C49F97,MLB Y M CFX FULL RYL BTG,https://www.amazon.com/dp/B07GJS68VV,Baseball,Gloves,Batting Glove,,,2026-11-30,4,5,9,10,2026-09-09,4,14.611804875942722
ASIN_F1499D,MLB Y S C.BLU CFX HI-LT BTG,https://www.amazon.com/dp/B07XT7KF8Z,Baseball,Gloves,Batting Glove,2026-08-31,153,2027-02-22,16,17,27,32,,,
ASIN_190132,MLB A S WHT/WHT CLSC XT BTG PR,https://www.amazon.com/dp/B07X1ZM91D,Baseball,Gloves,Batting Glove,2026-08-31,142,2027-02-08,8,11,14,17,,,
ASIN_E0C0D7,MLB A S VNL GLD PS INF BTG PR,,Baseball,Gloves,Batting Glove,2026-08-31,34,2027-01-11,2,4,5,7,,,
ASIN_538F0B,SFIA Y M NVY/RED HI-TK REC GLV,https://www.amazon.com/dp/B07DNYKZVL,Baseball,Gloves,Sport Glove,,,2026-12-14,3,1,3,7,,,
ASIN_D8B1CD,MLB A M WHT/BLK SHOKSORB BTG,https://www.amazon.com/dp/B00NCWC69Q,Baseball,Gloves,Batting Glove,2026-08-31,153,2027-03-29,35,40,44,51,2026-09-11,5,16.55501394475017
ASIN_1BB52D,MLB A XL CFX NAVY/GRN HILTE BT,,Baseball,Gloves,Batting Glove,2026-08-31,267,2026-09-28,7,8,10,13,,,
ASIN_E4C13E,Y M RED ACRYLIC BSBL SOCK PR,https://www.amazon.com/dp/B00CI4OE9Y,Baseball,Apparel,Socks,2026-08-31,1146,2026-12-28,67,83,109,151,2026-09-03,3,16.624420072919726
